post_id,url,title,posting_timestamp,modification_timestamp,opening_timestamp,expiration_timestamp,close_type,company,location,job_type,job_code,experience_level,salary,experience_min,experience_max,education_level,read_cnt,apply_cnt,active
70f8950e-1d97-4b59-9316-8dd72f59ab51,http://www.saramin.co.kr/zf_user/jobs/relay/view?rec_idx=49590032&utm_source=job-search-api&utm_medium=api&utm_campaign=saramin-job-search-api,건강기능식품 OEM/ODM 영업팀장 포지션,1734181065,1734181065,1734177600,1736780399,1,"{'name': '잡코디골드(주)', 'href': 'http://www.saramin.co.kr/zf_user/company-info/view?csn=2208800752&utm_source=job-search-api&utm_medium=api&utm_campaign=saramin-job-search-api'}",101010,1,"754,2203,754","{'code': 2, 'min': 15, 'max': 0}",99,,,8,0,0,True
669a90f4-110f-4988-9e32-0b96eed59aa8,http://www.saramin.co.kr/zf_user/jobs/relay/view?rec_idx=49590031&utm_source=job-search-api&utm_medium=api&utm_campaign=saramin-job-search-api,원무과(접수/수납) 직원 채용합니다.,1734180776,1734180776,1734177600,1735484399,1,"{'name': '린여성병원', 'href': 'http://www.saramin.co.kr/zf_user/company-info/view?csn=2042781669&utm_source=job-search-api&utm_medium=api&utm_campaign=saramin-job-search-api'}",101110,"1,10,2","534,539","{'code': 0, 'min': 0, 'max': 0}",99,,,6,0,0,True
ac5e6192-8698-4914-aa29-0956b9a01ace,http://www.saramin.co.kr/zf_user/jobs/relay/view?rec_idx=49590030&utm_source=job-search-api&utm_medium=api&utm_campaign=saramin-job-search-api,신생아실 간호사 채용합니다.,1734180678,1734180678,1734177600,1735484399,1,"{'name': '린여성병원', 'href': 'http://www.saramin.co.kr/zf_user/company-info/view?csn=2042781669&utm_source=job-search-api&utm_medium=api&utm_campaign=saramin-job-search-api'}",101110,"1,10,2","462,561,590,462,462,500,590","{'code': 0, 'min': 0, 'max': 0}",17,,,6,0,0,True
2a865522-7e3f-4f0f-b502-64a66ecbf7f0,http://www.saramin.co.kr/zf_user/jobs/relay/view?rec_idx=49590029&utm_source=job-search-api&utm_medium=api&utm_campaign=saramin-job-search-api,"분만실(간호사, 간호조무사) 채용합니다.",1734180609,1734180609,1734177600,1735484399,1,"{'name': '린여성병원', 'href': 'http://www.saramin.co.kr/zf_user/company-info/view?csn=2042781669&utm_source=job-search-api&utm_medium=api&utm_campaign=saramin-job-search-api'}",101110,"1,10,2","462,500,561,462,462,500,500","{'code': 0, 'min': 0, 'max': 0}",17,,,6,0,0,True
0b07ce33-c859-459b-bbd6-4326dea0deb0,http://www.saramin.co.kr/zf_user/jobs/relay/view?rec_idx=49590028&utm_source=job-search-api&utm_medium=api&utm_campaign=saramin-job-search-api,병동 간호사 채용합니다.,1734180560,1734180560,1734177600,1735484399,1,"{'name': '린여성병원', 'href': 'http://www.saramin.co.kr/zf_user/company-info/view?csn=2042781669&utm_source=job-search-api&utm_medium=api&utm_campaign=saramin-job-search-api'}",101110,1,"462,561,462,462","{'code': 0, 'min': 0, 'max': 0}",17,,,7,0,0,True
b2ba9757-ed53-4298-bca1-9f73d8e6bed3,http://www.saramin.co.kr/zf_user/jobs/relay/view?rec_idx=49590027&utm_source=job-search-api&utm_medium=api&utm_campaign=saramin-job-search-api,"난임센터(주사실, 상담실) 모집합니다.",1734180507,1734180507,1734177600,1735484399,1,"{'name': '린여성병원', 'href': 'http://www.saramin.co.kr/zf_user/company-info/view?csn=2042781669&utm_source=job-search-api&utm_medium=api&utm_campaign=saramin-job-search-api'}",101110,1,"462,470,500,561,462,500,595,595","{'code': 0, 'min': 0, 'max': 0}",99,,,7,0,0,True
5eeb4f13-4e31-4b0b-98f5-4ad11e4e9ef0,http://www.saramin.co.kr/zf_user/jobs/relay/view?rec_idx=49590026&utm_source=job-search-api&utm_medium=api&utm_campaign=saramin-job-search-api,[영어 학원] 원생관리 및 다독수업 및 숙제관리 및 지도,1734180385,1734180385,1734177600,1988118000,2,"{'name': '씨즈영어', 'href': 'http://www.saramin.co.kr/zf_user/company-info/view?csn=1369909338&utm_source=job-search-api&utm_medium=api&utm_campaign=saramin-job-search-api'}",102500,14,"1868,1907,1907","{'code': 0, 'min': 0, 'max': 0}",99,,,0,0,0,True
b7873076-e70c-4f48-8188-951869c86b1c,http://www.saramin.co.kr/zf_user/jobs/relay/view?rec_idx=49590025&utm_source=job-search-api&utm_medium=api&utm_campaign=saramin-job-search-api,"이마트문화센터 도레미팡팡강사구인/제천,충주,이천등",1734180288,1734180288,1734177600,1739372399,1,"{'name': '(주)썬에듀파트너스', 'href': 'http://www.saramin.co.kr/zf_user/company-info/view?csn=3628100154&utm_source=job-search-api&utm_medium=api&utm_campaign=saramin-job-search-api'}","102240,102460,105000,105010",9,"1808,1818,1834,1842,1874,1913,1865","{'code': 0, 'min': 0, 'max': 0}",99,,,7,0,0,True
eafaf623-bba5-4123-ac23-8b88c0eba396,http://www.saramin.co.kr/zf_user/jobs/relay/view?rec_idx=49590024&utm_source=job-search-api&utm_medium=api&utm_campaign=saramin-job-search-api,제이사이트 베이커리 에서 제빵사 베이커 모십니다,1734180188,1734180188,1734177600,1736780399,1,"{'name': '제이사이트', 'href': 'http://www.saramin.co.kr/zf_user/company-info/view?csn=4070953434&utm_source=job-search-api&utm_medium=api&utm_campaign=saramin-job-search-api'}",102030,1,"875,884,897,907,2214,2228","{'code': 2, 'min': 1, 'max': 0}",99,,,0,0,0,True
5c3fb277-afaa-424d-9a7e-597626118cf6,http://www.saramin.co.kr/zf_user/jobs/relay/view?rec_idx=49590023&utm_source=job-search-api&utm_medium=api&utm_campaign=saramin-job-search-api,병동 DE교대 &  NK간호사 모집,1734180142,1734180142,1734177600,1736780399,1,"{'name': '양산더존한방병원', 'href': 'http://www.saramin.co.kr/zf_user/company-info/view?csn=2524500771&utm_source=job-search-api&utm_medium=api&utm_campaign=saramin-job-search-api'}",110100,1,"462,507,533,607,632,462","{'code': 0, 'min': 0, 'max': 0}",99,,,7,0,0,True
6e3b0cb6-14aa-4a3c-ab0f-286acf63b712,http://www.saramin.co.kr/zf_user/jobs/relay/view?rec_idx=49590022&utm_source=job-search-api&utm_medium=api&utm_campaign=saramin-job-search-api,홀직원 정규직 모집 공고,1734179959,1734179959,1734177600,1736780399,1,"{'name': '라피콜라이탈리아', 'href': 'http://www.saramin.co.kr/zf_user/company-info/view?csn=3060812870&utm_source=job-search-api&utm_medium=api&utm_campaign=saramin-job-search-api'}",107010,1,919,"{'code': 2, 'min': 1, 'max': 0}",99,,,0,0,0,True
3643505c-15c2-4caf-9a75-7f8c6270c6d0,http://www.saramin.co.kr/zf_user/jobs/relay/view?rec_idx=49590020&utm_source=job-search-api&utm_medium=api&utm_campaign=saramin-job-search-api,[법무] [법률사무소] 회생/파산 사무원 경력직 채용,1734179872,1734179872,1734177600,1735657199,1,"{'name': '은하수합동법률사무소', 'href': 'http://www.saramin.co.kr/zf_user/company-info/view?csn=7136500110&utm_source=job-search-api&utm_medium=api&utm_campaign=saramin-job-search-api'}",101150,1,"385,388,391,402,403,405,406,412,427,2215,2215,2215,405","{'code': 2, 'min': 1, 'max': 0}",99,,,0,0,0,True
14400bc1-a409-432f-8ca7-1aff7b246c9d,http://www.saramin.co.kr/zf_user/jobs/relay/view?rec_idx=49590019&utm_source=job-search-api&utm_medium=api&utm_campaign=saramin-job-search-api,씨즈영어 초등 강사모집(하남 미사).,1734179688,1734179688,1734177600,1988118000,2,"{'name': '씨즈영어', 'href': 'http://www.saramin.co.kr/zf_user/company-info/view?csn=1369909338&utm_source=job-search-api&utm_medium=api&utm_campaign=saramin-job-search-api'}",102500,"1,15","1817,1820,1821,1838,1871,1907","{'code': 0, 'min': 0, 'max': 0}",99,,,7,0,0,True
151ed6c8-7911-4442-9908-b3573f575f44,http://www.saramin.co.kr/zf_user/jobs/relay/view?rec_idx=49590018&utm_source=job-search-api&utm_medium=api&utm_campaign=saramin-job-search-api,함께하실 공인중개사님 모십니다(신입환영),1734179447,1734179648,1734166800,1736780399,1,"{'name': '범부동산중개사무소', 'href': 'http://www.saramin.co.kr/zf_user/company-info/view?csn=3072564330&utm_source=job-search-api&utm_medium=api&utm_campaign=saramin-job-search-api'}",110150,9,"2015,2015,2105","{'code': 0, 'min': 0, 'max': 0}",99,,,0,0,0,True
c176def7-af59-4a2d-99c5-ced00a86f97f,http://www.saramin.co.kr/zf_user/jobs/relay/view?rec_idx=49590016&utm_source=job-search-api&utm_medium=api&utm_campaign=saramin-job-search-api,(주)하늘산  물류근무 직원모집,1734179076,1734179076,1734177600,1736780399,1,"{'name': '(주)하늘산', 'href': 'http://www.saramin.co.kr/zf_user/company-info/view?csn=1258196992&utm_source=job-search-api&utm_medium=api&utm_campaign=saramin-job-search-api'}","102310,102390,102480,102510,115100",1,"1751,1754,1755,1756,1760,1761,1784,1791,1755","{'code': 0, 'min': 0, 'max': 0}",99,,,6,0,0,True
ba91e575-3f94-447a-80d4-36b303639f02,http://www.saramin.co.kr/zf_user/jobs/relay/view?rec_idx=49590015&utm_source=job-search-api&utm_medium=api&utm_campaign=saramin-job-search-api,아름다운 나라 홍콩워킹홀리데이 구인글입니다 :),1734178992,1734178992,1734177600,1736780399,1,"{'name': '제이믈리', 'href': 'http://www.saramin.co.kr/zf_user/company-info/view?csn=6983901257&utm_source=job-search-api&utm_medium=api&utm_campaign=saramin-job-search-api'}",211300,"10,2","899,900,920,899,920","{'code': 0, 'min': 0, 'max': 0}",99,,,0,0,0,True
b7e94d17-5fec-4ff7-b705-32908a2f4df8,http://www.saramin.co.kr/zf_user/jobs/relay/view?rec_idx=49590013&utm_source=job-search-api&utm_medium=api&utm_campaign=saramin-job-search-api,간호사선생님 구인합니다 (주5일),1734178681,1734178681,1734177600,1988118000,2,"{'name': '삼성브레인신경과의원', 'href': 'http://www.saramin.co.kr/zf_user/company-info/view?csn=4409401768&utm_source=job-search-api&utm_medium=api&utm_campaign=saramin-job-search-api'}",106160,"1,2",462,"{'code': 0, 'min': 0, 'max': 0}",99,,,7,0,0,True
b138129a-fdf7-4627-9949-5999e65d1b6b,http://www.saramin.co.kr/zf_user/jobs/relay/view?rec_idx=49590012&utm_source=job-search-api&utm_medium=api&utm_campaign=saramin-job-search-api,제조기업 원가관리 과-차장급 모집,1734178673,1734178673,1734177600,1735484399,1,"{'name': 'HR컨설팅(주)', 'href': 'http://www.saramin.co.kr/zf_user/company-info/view?csn=2068630028&utm_source=job-search-api&utm_medium=api&utm_campaign=saramin-job-search-api'}",102330,1,"350,357,358,1783,357,357,372,1783,1783,1795","{'code': 2, 'min': 7, 'max': 0}",99,,,8,0,0,True
7c46a079-7280-4e39-bad0-5ed7bd6e2d30,http://www.saramin.co.kr/zf_user/jobs/relay/view?rec_idx=49590011&utm_source=job-search-api&utm_medium=api&utm_campaign=saramin-job-search-api,"유,초등 영어 강사 모집",1734178614,1734179076,1734177600,1988118000,2,"{'name': '씨즈영어', 'href': 'http://www.saramin.co.kr/zf_user/company-info/view?csn=1369909338&utm_source=job-search-api&utm_medium=api&utm_campaign=saramin-job-search-api'}",102500,"1,10,2","1850,1853,1868,1907,1907,1907","{'code': 0, 'min': 0, 'max': 0}",10,,,7,0,0,True
31373563-eb92-49c4-b7aa-962b0d32d493,http://www.saramin.co.kr/zf_user/jobs/relay/view?rec_idx=49590009&utm_source=job-search-api&utm_medium=api&utm_campaign=saramin-job-search-api,크로스 플랫폼(Flutter) 개발자 모십니다.,1734178465,1734178465,1734177600,1736780399,1,"{'name': '(주)스마트마켓서비스', 'href': 'http://www.saramin.co.kr/zf_user/company-info/view?csn=8928801968&utm_source=job-search-api&utm_medium=api&utm_campaign=saramin-job-search-api'}",101070,1,"84,86,87,89,113,142,220,2232,136,140,142,195,201,205,220,220,222,234,235,243,260,298","{'code': 2, 'min': 6, 'max': 0}",99,,,7,0,0,True
05ffc8bc-3076-4a3a-a065-e9b9f3629974,http://www.saramin.co.kr/zf_user/jobs/relay/view?rec_idx=49590008&utm_source=job-search-api&utm_medium=api&utm_campaign=saramin-job-search-api,웹 전문 개발자 모집합니다,1734178365,1734178365,1734177600,1736780399,1,"{'name': '(주)스마트마켓서비스', 'href': 'http://www.saramin.co.kr/zf_user/company-info/view?csn=8928801968&utm_source=job-search-api&utm_medium=api&utm_campaign=saramin-job-search-api'}",101070,1,"84,86,87,89,92,101,118,235,236,1636,1648,2232,235,2232","{'code': 2, 'min': 7, 'max': 0}",99,,,7,0,0,True
13668328-1911-4c38-88a9-530a5679d551,http://www.saramin.co.kr/zf_user/jobs/relay/view?rec_idx=49590007&utm_source=job-search-api&utm_medium=api&utm_campaign=saramin-job-search-api,"경남지역 창원 디테일링, 세차, 광택 등 신입/경력직 채용",1734178339,1734178339,1734177600,1736780399,1,"{'name': '카앤쿡 창원점', 'href': 'http://www.saramin.co.kr/zf_user/company-info/view?csn=4211000512&utm_source=job-search-api&utm_medium=api&utm_campaign=saramin-job-search-api'}",110150,"1,10,2,5","883,932,932","{'code': 0, 'min': 0, 'max': 0}",99,,,6,0,0,True
a6b4d569-e36c-462c-940f-e04d781a3cd0,http://www.saramin.co.kr/zf_user/jobs/relay/view?rec_idx=49590006&utm_source=job-search-api&utm_medium=api&utm_campaign=saramin-job-search-api,응급실 1급 응급구조사,1734178215,1734178215,1734177600,1735635600,1,"{'name': '청주현대병원', 'href': 'http://www.saramin.co.kr/zf_user/company-info/view?csn=3019126328&utm_source=job-search-api&utm_medium=api&utm_campaign=saramin-job-search-api'}",114130,1,"518,500,518","{'code': 0, 'min': 0, 'max': 0}",99,,,7,0,0,True
ef74c706-2517-4735-aa05-82d93e7eb9a6,http://www.saramin.co.kr/zf_user/jobs/relay/view?rec_idx=49590005&utm_source=job-search-api&utm_medium=api&utm_campaign=saramin-job-search-api,"[시공/설계] 태양광발전, 전기/전자, CAD, 5년~, 대전",1734178105,1734178105,1734174000,1734879599,1,"{'name': '주식회사 제이파트너스', 'href': 'http://www.saramin.co.kr/zf_user/company-info/view?csn=7128701554&utm_source=job-search-api&utm_medium=api&utm_campaign=saramin-job-search-api'}",105020,1,"2071,2109,2141,2162,2178,2192,2192,2192","{'code': 2, 'min': 5, 'max': 0}",18,,,7,0,0,True
d21a6eed-0a73-4288-91eb-b4deec49a97e,http://www.saramin.co.kr/zf_user/jobs/relay/view?rec_idx=49590003&utm_source=job-search-api&utm_medium=api&utm_campaign=saramin-job-search-api,화장품 그룹사  화장품 해외 인허가 경력직 (강남),1734177799,1734177799,1734177600,1735657199,1,"{'name': '반석써치(주)', 'href': 'http://www.saramin.co.kr/zf_user/company-info/view?csn=1098607022&utm_source=job-search-api&utm_medium=api&utm_campaign=saramin-job-search-api'}",101010,1,"549,802,810,839,841","{'code': 2, 'min': 4, 'max': 13}",99,,,8,0,0,True
42007bed-ea45-4960-a749-1e7cc614f1a9,http://www.saramin.co.kr/zf_user/jobs/relay/view?rec_idx=49590002&utm_source=job-search-api&utm_medium=api&utm_campaign=saramin-job-search-api,[브릭나인] 시각디자이너 채용,1734177769,1734177769,1734177600,1736780399,1,"{'name': '(주)엘케이코퍼레이션', 'href': 'http://www.saramin.co.kr/zf_user/company-info/view?csn=7058102801&utm_source=job-search-api&utm_medium=api&utm_campaign=saramin-job-search-api'}",102040,1,"1479,1493,1496,1519,1590","{'code': 0, 'min': 0, 'max': 0}",99,,,7,0,0,True
049e675d-f5e6-4ce3-ae23-ac19d6168983,http://www.saramin.co.kr/zf_user/jobs/relay/view?rec_idx=49590001&utm_source=job-search-api&utm_medium=api&utm_campaign=saramin-job-search-api,[브릭나인] 브랜드 웹디자이너 채용,1734177600,1734177600,1734174000,1736780399,1,"{'name': '(주)엘케이코퍼레이션', 'href': 'http://www.saramin.co.kr/zf_user/company-info/view?csn=7058102801&utm_source=job-search-api&utm_medium=api&utm_campaign=saramin-job-search-api'}",102040,1,"1502,1549,1611,1614","{'code': 0, 'min': 0, 'max': 0}",99,,,7,0,0,True
0cafcf02-6d46-4e0d-8a59-9dab1480e2bf,http://www.saramin.co.kr/zf_user/jobs/relay/view?rec_idx=49590000&utm_source=job-search-api&utm_medium=api&utm_campaign=saramin-job-search-api,노무법인노엘 경기광주 사무직(신입&경력),1734177370,1734177370,1734174000,1735657199,1,"{'name': '노무법인노엘 경기지사', 'href': 'http://www.saramin.co.kr/zf_user/company-info/view?csn=3768501728&utm_source=job-search-api&utm_medium=api&utm_campaign=saramin-job-search-api'}",102080,1,"405,388,402","{'code': 0, 'min': 0, 'max': 0}",12,,,7,0,0,True
025e624f-1b51-43db-bd38-6af6712b54b2,http://www.saramin.co.kr/zf_user/jobs/relay/view?rec_idx=49589999&utm_source=job-search-api&utm_medium=api&utm_campaign=saramin-job-search-api,김해 메르시앙 웨딩홀 예약실 신입매니저 채용합니다.,1734177231,1734177231,1734174000,1739372399,1,"{'name': '(주)한울타리', 'href': 'http://www.saramin.co.kr/zf_user/company-info/view?csn=6158602385&utm_source=job-search-api&utm_medium=api&utm_campaign=saramin-job-search-api'}",110040,1,"892,980,980,980","{'code': 1, 'min': 0, 'max': 0}",99,,,0,0,0,True
2aa5277e-b933-4ea2-9917-c9236ad9e867,http://www.saramin.co.kr/zf_user/jobs/relay/view?rec_idx=49589998&utm_source=job-search-api&utm_medium=api&utm_campaign=saramin-job-search-api,ㅣFnBㅣ(플랫폼) 백엔드 개발 (대리-과장급),1734177209,1734177209,1734174000,1736780399,1,"{'name': '(주)베스트에치알 (Best HR)', 'href': 'http://www.saramin.co.kr/zf_user/company-info/view?csn=2648123800&utm_source=job-search-api&utm_medium=api&utm_campaign=saramin-job-search-api'}",101010,1,"84,89,142,201,222,235,255,257,272,291,297","{'code': 2, 'min': 3, 'max': 0}",99,,,7,0,0,True
2eda349c-46ee-4b6a-a4ee-fd163f1c5e45,http://www.saramin.co.kr/zf_user/jobs/relay/view?rec_idx=49589997&utm_source=job-search-api&utm_medium=api&utm_campaign=saramin-job-search-api,외국계케미칼 세일즈매니저(자동차/전자부문),1734177088,1734177088,1734174000,1988118000,2,"{'name': '(주)피플렙', 'href': 'http://www.saramin.co.kr/zf_user/company-info/view?csn=1828601135&utm_source=job-search-api&utm_medium=api&utm_campaign=saramin-job-search-api'}",102190,1,"692,791,792,2203","{'code': 2, 'min': 8, 'max': 12}",99,,,8,0,0,True
c5fc6460-522c-4400-a3b2-3b34a413f648,http://www.saramin.co.kr/zf_user/jobs/relay/view?rec_idx=49589996&utm_source=job-search-api&utm_medium=api&utm_campaign=saramin-job-search-api,긴급ㅣ대기업ㅣ노무관리/ 노사협력 (과장/차장급),1734177073,1734177073,1734174000,1736780399,1,"{'name': '(주)베스트에치알 (Best HR)', 'href': 'http://www.saramin.co.kr/zf_user/company-info/view?csn=2648123800&utm_source=job-search-api&utm_medium=api&utm_campaign=saramin-job-search-api'}",101010,1,"430,430,453","{'code': 2, 'min': 6, 'max': 0}",99,,,8,0,0,True
40857ad0-86d5-42af-b9e6-cb9fedb2c075,http://www.saramin.co.kr/zf_user/jobs/relay/view?rec_idx=49589995&utm_source=job-search-api&utm_medium=api&utm_campaign=saramin-job-search-api,긴급ㅣ제약 대기업ㅣ사업제휴(코프로모션)/ 대리-차장급,1734177008,1734177008,1734174000,1736780399,1,"{'name': '(주)베스트에치알 (Best HR)', 'href': 'http://www.saramin.co.kr/zf_user/company-info/view?csn=2648123800&utm_source=job-search-api&utm_medium=api&utm_campaign=saramin-job-search-api'}",101010,1,"1661,1661","{'code': 2, 'min': 5, 'max': 0}",99,,,8,0,0,True
efb54a47-aa5a-4b0d-8e7e-867a5bb7a77e,http://www.saramin.co.kr/zf_user/jobs/relay/view?rec_idx=49589994&utm_source=job-search-api&utm_medium=api&utm_campaign=saramin-job-search-api,긴급ㅣ제약 대기업ㅣ사업개발(라이센싱인/판매제휴)/ 주임-차장,1734176977,1734176977,1734174000,1736780399,1,"{'name': '(주)베스트에치알 (Best HR)', 'href': 'http://www.saramin.co.kr/zf_user/company-info/view?csn=2648123800&utm_source=job-search-api&utm_medium=api&utm_campaign=saramin-job-search-api'}",101010,1,"1659,1659","{'code': 2, 'min': 3, 'max': 0}",99,,,8,0,0,True
3eca9c86-64a5-4cda-9a8d-51f0e813fe5b,http://www.saramin.co.kr/zf_user/jobs/relay/view?rec_idx=49589993&utm_source=job-search-api&utm_medium=api&utm_campaign=saramin-job-search-api,"물리치료, 작업치료사 방문재활운동 150분, 20만",1734176945,1734176945,1734174000,1735657199,1,"{'name': '오뚝이스포츠', 'href': 'http://www.saramin.co.kr/zf_user/company-info/view?csn=1997100649&utm_source=job-search-api&utm_medium=api&utm_campaign=saramin-job-search-api'}",109090,9,"464,466,478,485,485","{'code': 0, 'min': 0, 'max': 0}",105,,,7,0,0,True
fccfe5dc-07f4-4611-a2c0-7eea6c0c575b,http://www.saramin.co.kr/zf_user/jobs/relay/view?rec_idx=49589992&utm_source=job-search-api&utm_medium=api&utm_campaign=saramin-job-search-api,2025년 고릴라짐의 새로운 선생님을 모집합니다.,1734176912,1734177046,1734170400,1736780399,1,"{'name': '고릴라짐', 'href': 'http://www.saramin.co.kr/zf_user/company-info/view?csn=3603100487&utm_source=job-search-api&utm_medium=api&utm_campaign=saramin-job-search-api'}",108080,1,"1292,1293,1361","{'code': 0, 'min': 0, 'max': 0}",101,,,0,0,0,True
88e7b90a-9797-4052-b52b-ed8d5bc439b5,http://www.saramin.co.kr/zf_user/jobs/relay/view?rec_idx=49589991&utm_source=job-search-api&utm_medium=api&utm_campaign=saramin-job-search-api,긴급ㅣ제약 대기업ㅣ마케팅PM(항암제) (과장-부장급),1734176905,1734176905,1734174000,1736780399,1,"{'name': '(주)베스트에치알 (Best HR)', 'href': 'http://www.saramin.co.kr/zf_user/company-info/view?csn=2648123800&utm_source=job-search-api&utm_medium=api&utm_campaign=saramin-job-search-api'}",101010,1,"2201,2201","{'code': 2, 'min': 10, 'max': 0}",99,,,8,0,0,True
ec97a621-6c67-4138-8867-7404c5cb8fbd,http://www.saramin.co.kr/zf_user/jobs/relay/view?rec_idx=49589990&utm_source=job-search-api&utm_medium=api&utm_campaign=saramin-job-search-api,긴급ㅣ제약 대기업ㅣ글로벌사업 총괄 (수석부장-임원),1734176845,1734176845,1734174000,1736780399,1,"{'name': '(주)베스트에치알 (Best HR)', 'href': 'http://www.saramin.co.kr/zf_user/company-info/view?csn=2648123800&utm_source=job-search-api&utm_medium=api&utm_campaign=saramin-job-search-api'}",101010,1,"1633,1663","{'code': 2, 'min': 15, 'max': 0}",99,,,8,0,0,True
706099ad-55ce-4c1f-b27e-1c4242679169,http://www.saramin.co.kr/zf_user/jobs/relay/view?rec_idx=49589989&utm_source=job-search-api&utm_medium=api&utm_campaign=saramin-job-search-api,긴급ㅣFnBㅣ메뉴개발 / 프랜차이즈(대리-과장급),1734176760,1734176760,1734174000,1736780399,1,"{'name': '(주)베스트에치알 (Best HR)', 'href': 'http://www.saramin.co.kr/zf_user/company-info/view?csn=2648123800&utm_source=job-search-api&utm_medium=api&utm_campaign=saramin-job-search-api'}",101010,1,"831,810,820","{'code': 2, 'min': 5, 'max': 10}",99,,,8,0,0,True
5566429c-5235-4416-827b-9348dd830429,http://www.saramin.co.kr/zf_user/jobs/relay/view?rec_idx=49589988&utm_source=job-search-api&utm_medium=api&utm_campaign=saramin-job-search-api,ㅣFnBㅣ데이터 운영팀 리딩(과장/차장급),1734176732,1734176732,1734174000,1736780399,1,"{'name': '(주)베스트에치알 (Best HR)', 'href': 'http://www.saramin.co.kr/zf_user/company-info/view?csn=2648123800&utm_source=job-search-api&utm_medium=api&utm_campaign=saramin-job-search-api'}",101010,1,"1658,2205","{'code': 2, 'min': 7, 'max': 13}",99,,,8,0,0,True
48de7158-e8a4-4f44-9eef-6762aeac02c2,http://www.saramin.co.kr/zf_user/jobs/relay/view?rec_idx=49589987&utm_source=job-search-api&utm_medium=api&utm_campaign=saramin-job-search-api,긴급ㅣFnBㅣ플랫폼/ 운영기획(과장/차장급),1734176701,1734176701,1734174000,1736780399,1,"{'name': '(주)베스트에치알 (Best HR)', 'href': 'http://www.saramin.co.kr/zf_user/company-info/view?csn=2648123800&utm_source=job-search-api&utm_medium=api&utm_campaign=saramin-job-search-api'}",101010,1,"1635,1637,2205","{'code': 2, 'min': 7, 'max': 0}",99,,,8,0,0,True
23cef43b-fa86-4ade-9d3e-d6fb32926243,http://www.saramin.co.kr/zf_user/jobs/relay/view?rec_idx=49589986&utm_source=job-search-api&utm_medium=api&utm_campaign=saramin-job-search-api,긴급ㅣ대기업ㅣ(직영) 점포개발 / Cafe 및 커피 (대리-차장급),1734176604,1734176604,1734174000,1736780399,1,"{'name': '(주)베스트에치알 (Best HR)', 'href': 'http://www.saramin.co.kr/zf_user/company-info/view?csn=2648123800&utm_source=job-search-api&utm_medium=api&utm_campaign=saramin-job-search-api'}",101000,1,"785,785,785","{'code': 2, 'min': 4, 'max': 15}",99,,,8,0,0,True
3baea5a4-9e96-403a-863e-a8a907dddab1,http://www.saramin.co.kr/zf_user/jobs/relay/view?rec_idx=49589985&utm_source=job-search-api&utm_medium=api&utm_campaign=saramin-job-search-api,[상장기업] LED조명 회로설계 연구개발 (차장~이사급),1734176573,1734176573,1734174000,1736780399,1,"{'name': '커리어셀파', 'href': 'http://www.saramin.co.kr/zf_user/company-info/view?csn=5809000341&utm_source=job-search-api&utm_medium=api&utm_campaign=saramin-job-search-api'}","101000,101010",1,"801,811","{'code': 2, 'min': 10, 'max': 0}",99,,,0,0,0,True
a5c2ebe4-f6d8-4214-a33f-4167e6df1886,http://www.saramin.co.kr/zf_user/jobs/relay/view?rec_idx=49589984&utm_source=job-search-api&utm_medium=api&utm_campaign=saramin-job-search-api,긴급ㅣ대기업ㅣ재무기획 (사원-대리급),1734176572,1734176572,1734174000,1736780399,1,"{'name': '(주)베스트에치알 (Best HR)', 'href': 'http://www.saramin.co.kr/zf_user/company-info/view?csn=2648123800&utm_source=job-search-api&utm_medium=api&utm_campaign=saramin-job-search-api'}",101000,1,"364,364,366","{'code': 2, 'min': 3, 'max': 6}",99,,,8,0,0,True
b9b2a49c-323f-46ce-9dc9-405203964749,http://www.saramin.co.kr/zf_user/jobs/relay/view?rec_idx=49589983&utm_source=job-search-api&utm_medium=api&utm_campaign=saramin-job-search-api,쿠우쿠우 평택고덕점 홀 직원 및 주방직원 모집합니다.,1734176525,1734176525,1734174000,1736780399,1,"{'name': '쿠우쿠우 평택고덕점', 'href': 'http://www.saramin.co.kr/zf_user/company-info/view?csn=5270903015&utm_source=job-search-api&utm_medium=api&utm_campaign=saramin-job-search-api'}",102480,"1,10,2,5","880,898,899,919,920,974,2214,899,920,982","{'code': 0, 'min': 0, 'max': 0}",104,,,0,0,0,True
946c67ca-4210-461a-a993-7a190fe9ba15,http://www.saramin.co.kr/zf_user/jobs/relay/view?rec_idx=49589982&utm_source=job-search-api&utm_medium=api&utm_campaign=saramin-job-search-api,[상장기업] 이커머스(미국 아마존) 운영 (대리~차장급),1734176437,1734176437,1734174000,1736780399,1,"{'name': '커리어셀파', 'href': 'http://www.saramin.co.kr/zf_user/company-info/view?csn=5809000341&utm_source=job-search-api&utm_medium=api&utm_campaign=saramin-job-search-api'}","101000,101010",1,"1416,1419,1437,1502,2201","{'code': 2, 'min': 3, 'max': 0}",99,,,8,0,0,True
a26d4092-ee9f-4469-bb18-5d6e92dad745,http://www.saramin.co.kr/zf_user/jobs/relay/view?rec_idx=49589981&utm_source=job-search-api&utm_medium=api&utm_campaign=saramin-job-search-api,[유망기업] 프레스 금형설계 (딥드로잉) (대리~부장급),1734176417,1734176417,1734174000,1736780399,1,"{'name': '커리어셀파', 'href': 'http://www.saramin.co.kr/zf_user/company-info/view?csn=5809000341&utm_source=job-search-api&utm_medium=api&utm_campaign=saramin-job-search-api'}","101000,101010,102000",1,"1107,1012,1012,1196,1196","{'code': 2, 'min': 4, 'max': 0}",99,,,0,0,0,True
c53fb713-82ca-4c4b-a54e-cda8f55184e6,http://www.saramin.co.kr/zf_user/jobs/relay/view?rec_idx=49589980&utm_source=job-search-api&utm_medium=api&utm_campaign=saramin-job-search-api,[유망기업] 냉간단조 프레스 금형설계 (대리~부장급),1734176397,1734176397,1734174000,1736780399,1,"{'name': '커리어셀파', 'href': 'http://www.saramin.co.kr/zf_user/company-info/view?csn=5809000341&utm_source=job-search-api&utm_medium=api&utm_campaign=saramin-job-search-api'}","101000,101010,102000",1,"1107,1012,1012,1196,1196","{'code': 2, 'min': 4, 'max': 0}",99,,,0,0,0,True
69f3e2d0-7f6d-474a-b07d-4ee31c5338d6,http://www.saramin.co.kr/zf_user/jobs/relay/view?rec_idx=49589979&utm_source=job-search-api&utm_medium=api&utm_campaign=saramin-job-search-api,유치원 영어 강사 구합니다.,1734176343,1734177674,1734174000,1735657199,1,"{'name': '유아교육정보', 'href': 'http://www.saramin.co.kr/zf_user/company-info/view?csn=4103005325&utm_source=job-search-api&utm_medium=api&utm_campaign=saramin-job-search-api'}",103050,"16,2","1874,1907,1907,1907","{'code': 2, 'min': 1, 'max': 0}",104,,,7,0,0,True
1e96c943-e4ea-4dff-8d03-66701dbb52c7,http://www.saramin.co.kr/zf_user/jobs/relay/view?rec_idx=49589978&utm_source=job-search-api&utm_medium=api&utm_campaign=saramin-job-search-api,"학원확장이전으로 초,중등 전임강사 분을 모집합니다.",1734176262,1734176262,1734174000,1736780399,1,"{'name': '별수학교습소', 'href': 'http://www.saramin.co.kr/zf_user/company-info/view?csn=3129608418&utm_source=job-search-api&utm_medium=api&utm_campaign=saramin-job-search-api'}",106130,9,"1820,1903","{'code': 2, 'min': 1, 'max': 0}",99,,,8,0,0,True
e37302eb-3f3e-44d6-a932-3febfed86814,http://www.saramin.co.kr/zf_user/jobs/relay/view?rec_idx=49589977&utm_source=job-search-api&utm_medium=api&utm_campaign=saramin-job-search-api,2025 퀘스 운영 지원 · CX 매니저를 모집합니다,1734176210,1734176210,1734174000,1735484399,1,"{'name': '퀘스(Ques)', 'href': 'http://www.saramin.co.kr/zf_user/company-info/view?csn=3830700049&utm_source=job-search-api&utm_medium=api&utm_campaign=saramin-job-search-api'}",104070,"1,2","756,758,761,1972,1973,1975,1977,1978,1981,1987,1989,1992,1993","{'code': 0, 'min': 0, 'max': 0}",99,,,8,0,0,True
b2aea145-1d04-4d85-99ed-e7e02b441139,http://www.saramin.co.kr/zf_user/jobs/relay/view?rec_idx=49589976&utm_source=job-search-api&utm_medium=api&utm_campaign=saramin-job-search-api,UX/UI 설계 및 GUI 디자인 경력자 채용 - 글로벌,1734176038,1734178124,1734170400,1734793199,1,"{'name': '원더무브(주)', 'href': 'http://www.saramin.co.kr/zf_user/company-info/view?csn=5188101644&utm_source=job-search-api&utm_medium=api&utm_campaign=saramin-job-search-api'}",101150,1,"1499,1527,1529,1635,1636,1637,1690,1589,1589,1609,2205","{'code': 2, 'min': 3, 'max': 0}",99,,,8,0,0,True
000d2cf5-f715-4441-ac17-829ee3dd34d5,http://www.saramin.co.kr/zf_user/jobs/relay/view?rec_idx=49589975&utm_source=job-search-api&utm_medium=api&utm_campaign=saramin-job-search-api,2025 퀘스 경영지원 매니저를 모집합니다,1734175859,1734176338,1734174000,1735484399,1,"{'name': '퀘스(Ques)', 'href': 'http://www.saramin.co.kr/zf_user/company-info/view?csn=3830700049&utm_source=job-search-api&utm_medium=api&utm_campaign=saramin-job-search-api'}",104070,"1,2,4","322,337,396,401,402,403,404,405,406,409,414,416,417,429,441,442,446,449,452,459,2197,2198,2220,396,425,429,429,2198,445","{'code': 0, 'min': 0, 'max': 0}",99,,,8,0,0,True
c8d787aa-bb25-484d-93e5-752708b1b847,http://www.saramin.co.kr/zf_user/jobs/relay/view?rec_idx=49589974&utm_source=job-search-api&utm_medium=api&utm_campaign=saramin-job-search-api,검진 및 주사실 담당할 간호조무사 모집,1734175787,1734175787,1734174000,1736780399,1,"{'name': '속튼튼 원내과', 'href': 'http://www.saramin.co.kr/zf_user/company-info/view?csn=6039170453&utm_source=job-search-api&utm_medium=api&utm_campaign=saramin-job-search-api'}",106110,"2,5","500,500,500,595,595","{'code': 0, 'min': 0, 'max': 0}",99,,,0,0,0,True
a1aa18de-768b-4e3a-9e4a-b24ec4bb2b80,http://www.saramin.co.kr/zf_user/jobs/relay/view?rec_idx=49589973&utm_source=job-search-api&utm_medium=api&utm_campaign=saramin-job-search-api,리멤버피부과 잠실점에서 피부관리사 구합니다:),1734175735,1734175735,1734174000,1736780399,1,"{'name': '리멤버피부과의원잠실점', 'href': 'http://www.saramin.co.kr/zf_user/company-info/view?csn=8670402184&utm_source=job-search-api&utm_medium=api&utm_campaign=saramin-job-search-api'}",101180,1,"524,542,547,581","{'code': 2, 'min': 1, 'max': 0}",16,,,0,0,0,True
0ce67c81-e050-4a40-8c0d-df075ab28412,http://www.saramin.co.kr/zf_user/jobs/relay/view?rec_idx=49589972&utm_source=job-search-api&utm_medium=api&utm_campaign=saramin-job-search-api,"제품 입,출고 담당자 채용",1734175712,1734175712,1734174000,1738249199,1,"{'name': '신영볼트', 'href': 'http://www.saramin.co.kr/zf_user/company-info/view?csn=2960102135&utm_source=job-search-api&utm_medium=api&utm_campaign=saramin-job-search-api'}",118000,1,"1754,1755,1756","{'code': 0, 'min': 0, 'max': 0}",14,,,0,0,0,True
6a35413d-810b-4c8a-80a0-84a1d9417807,http://www.saramin.co.kr/zf_user/jobs/relay/view?rec_idx=49589971&utm_source=job-search-api&utm_medium=api&utm_campaign=saramin-job-search-api,"D&E , E 근무 전담 간호사 채용",1734175616,1734175616,1734174000,1988118000,2,"{'name': '대전센텀병원', 'href': 'http://www.saramin.co.kr/zf_user/company-info/view?csn=3149251683&utm_source=job-search-api&utm_medium=api&utm_campaign=saramin-job-search-api'}",105030,1,"462,462,462","{'code': 0, 'min': 0, 'max': 0}",15,,,8,0,0,True
eb96e687-b4d5-4db3-8bf3-8d6ad96e1c6a,http://www.saramin.co.kr/zf_user/jobs/relay/view?rec_idx=49589970&utm_source=job-search-api&utm_medium=api&utm_campaign=saramin-job-search-api,[주4.5일] 강남 대치역한의원/데스크/진료보조/주1반차,1734175576,1734176799,1734174000,1736780399,1,"{'name': '강남명인한의원', 'href': 'http://www.saramin.co.kr/zf_user/company-info/view?csn=1209135359&utm_source=job-search-api&utm_medium=api&utm_campaign=saramin-job-search-api'}",101010,1,"475,494,505,506,507,508,511,528,534,538,581,603,621,2236,542,542,621","{'code': 0, 'min': 0, 'max': 0}",99,,,6,0,0,True
6bcd35e4-bff6-43ba-944b-8894ddee3db2,http://www.saramin.co.kr/zf_user/jobs/relay/view?rec_idx=49589969&utm_source=job-search-api&utm_medium=api&utm_campaign=saramin-job-search-api,아파트 커뮤니티센터 오전 미화원 구인,1734175555,1734175555,1734174000,1736780399,1,"{'name': '검암역 로열파크씨티푸르지오1단지 입주자대표회의', 'href': 'http://www.saramin.co.kr/zf_user/company-info/view?csn=2328272112&utm_source=job-search-api&utm_medium=api&utm_campaign=saramin-job-search-api'}",108070,2,"874,874,2207","{'code': 0, 'min': 0, 'max': 0}",101,,,0,0,0,True
e2ad28be-0f79-49ca-a3ca-8ad51bc4b848,http://www.saramin.co.kr/zf_user/jobs/relay/view?rec_idx=49589968&utm_source=job-search-api&utm_medium=api&utm_campaign=saramin-job-search-api,아파트 커뮤니티센터 오후 미화원 구인,1734175512,1734175512,1734174000,1736780399,1,"{'name': '검암역 로열파크씨티푸르지오1단지 입주자대표회의', 'href': 'http://www.saramin.co.kr/zf_user/company-info/view?csn=2328272112&utm_source=job-search-api&utm_medium=api&utm_campaign=saramin-job-search-api'}",108070,2,"874,874,2207","{'code': 0, 'min': 0, 'max': 0}",101,,,0,0,0,True
f50b64c4-305a-4c25-9dc2-fc6c712a4605,http://www.saramin.co.kr/zf_user/jobs/relay/view?rec_idx=49589967&utm_source=job-search-api&utm_medium=api&utm_campaign=saramin-job-search-api,개인피부샵 직원 구인/ 곧 확장/ 성장을 원한다면 같이해요,1734175506,1734175506,1734174000,1736780399,1,"{'name': '데이앤(DayAnne)', 'href': 'http://www.saramin.co.kr/zf_user/company-info/view?csn=2500702223&utm_source=job-search-api&utm_medium=api&utm_campaign=saramin-job-search-api'}","101000,101010,101230,101240,101250","10,2","500,630,858,867,873,906,912,975,2202","{'code': 0, 'min': 0, 'max': 0}",101,,,0,0,0,True
158409ee-e7fb-4f58-b122-b2d9fd8ba744,http://www.saramin.co.kr/zf_user/jobs/relay/view?rec_idx=49589965&utm_source=job-search-api&utm_medium=api&utm_campaign=saramin-job-search-api,동탄역 예나치과 ] 진료보조 / 진료지원팀 스텝선생님 모집,1734175370,1734177455,1734174000,1736780399,1,"{'name': '예나치과교정과치과의원 동탄역점', 'href': 'http://www.saramin.co.kr/zf_user/company-info/view?csn=3589701500&utm_source=job-search-api&utm_medium=api&utm_campaign=saramin-job-search-api'}","102390,102400,102510",1,"461,492,500,507,529,531,542,547,553,554,579,618,619,888,907,930,931,955,985,987,1853,1994,542,542,2207","{'code': 0, 'min': 0, 'max': 0}",99,,,0,0,0,True
7456504d-3da4-45eb-9958-17cf9184eed3,http://www.saramin.co.kr/zf_user/jobs/relay/view?rec_idx=49589964&utm_source=job-search-api&utm_medium=api&utm_campaign=saramin-job-search-api,[가산 젊은회사]  바이럴 마케터 구합니다,1734175230,1734175230,1734174000,1736780399,1,"{'name': '딜라잇플랜트', 'href': 'http://www.saramin.co.kr/zf_user/company-info/view?csn=2761601460&utm_source=job-search-api&utm_medium=api&utm_campaign=saramin-job-search-api'}",101080,1,"1421,2201","{'code': 0, 'min': 0, 'max': 0}",99,,,0,0,0,True
0964ea2a-f3fc-40d8-b80e-b4e2d565f680,http://www.saramin.co.kr/zf_user/jobs/relay/view?rec_idx=49589963&utm_source=job-search-api&utm_medium=api&utm_campaign=saramin-job-search-api,[압구정/강남카페] 읍천리382 압구정직영점 정직원 모집,1734175212,1734175212,1734174000,1736780399,1,"{'name': '(주)원팀', 'href': 'http://www.saramin.co.kr/zf_user/company-info/view?csn=2288601561&utm_source=job-search-api&utm_medium=api&utm_campaign=saramin-job-search-api'}",101010,1,"713,788,875,897,899,907,920,931,985,2202,2228,875","{'code': 0, 'min': 0, 'max': 0}",101,,,0,0,0,True
2e0059b4-1b98-44ab-8201-57048e89d7f3,http://www.saramin.co.kr/zf_user/jobs/relay/view?rec_idx=49589962&utm_source=job-search-api&utm_medium=api&utm_campaign=saramin-job-search-api,제제연구 (구로),1734175014,1734175014,1734174000,1736780399,1,"{'name': '글로벌서치', 'href': 'http://www.saramin.co.kr/zf_user/company-info/view?csn=1780602415&utm_source=job-search-api&utm_medium=api&utm_campaign=saramin-job-search-api'}",101070,1,"849,850,1091,825,850","{'code': 2, 'min': 4, 'max': 12}",99,,,9,0,0,True
db05bad9-7483-4425-8df5-128aa9a29edf,http://www.saramin.co.kr/zf_user/jobs/relay/view?rec_idx=49589960&utm_source=job-search-api&utm_medium=api&utm_campaign=saramin-job-search-api,구매기획[일본어],1734174985,1734174985,1734174000,1736780399,1,"{'name': '글로벌서치', 'href': 'http://www.saramin.co.kr/zf_user/company-info/view?csn=1780602415&utm_source=job-search-api&utm_medium=api&utm_campaign=saramin-job-search-api'}",102230,1,"1750,1758,1780,1781,1785,1914,2227,1758,2227,1914,1914","{'code': 2, 'min': 9, 'max': 18}",99,,,8,0,0,True
9a416b1b-baec-4703-b43a-65e2c617b0ca,http://www.saramin.co.kr/zf_user/jobs/relay/view?rec_idx=49589959&utm_source=job-search-api&utm_medium=api&utm_campaign=saramin-job-search-api,필름 디스플레이 개발,1734174941,1734174941,1734174000,1736780399,1,"{'name': '글로벌서치', 'href': 'http://www.saramin.co.kr/zf_user/company-info/view?csn=1780602415&utm_source=job-search-api&utm_medium=api&utm_campaign=saramin-job-search-api'}",102230,1,"1116,1127,1152,2213,1127,1127,1163","{'code': 2, 'min': 3, 'max': 10}",99,,,8,0,0,True
68ecbc80-8892-4136-a67e-7186e683f26f,http://www.saramin.co.kr/zf_user/jobs/relay/view?rec_idx=49589957&utm_source=job-search-api&utm_medium=api&utm_campaign=saramin-job-search-api,해외영업(패션 브랜드 해외진출)/ 중견기업,1734174604,1734174660,1734174000,1735138799,1,"{'name': '(주)스카우트플랜', 'href': 'http://www.saramin.co.kr/zf_user/company-info/view?csn=2118888356&utm_source=job-search-api&utm_medium=api&utm_campaign=saramin-job-search-api'}",101020,1,"728,729,746","{'code': 2, 'min': 8, 'max': 12}",99,,,8,0,0,True
8d5a1fbe-fbaa-43fb-aea0-6309ddf453a7,http://www.saramin.co.kr/zf_user/jobs/relay/view?rec_idx=49589956&utm_source=job-search-api&utm_medium=api&utm_campaign=saramin-job-search-api,"홍대아이디 -상담실장,피부관리사,간호조무사,코디네이터",1734174583,1734174583,1734174000,1736780399,1,"{'name': '홍대아이디의원', 'href': 'http://www.saramin.co.kr/zf_user/company-info/view?csn=2081576597&utm_source=job-search-api&utm_medium=api&utm_campaign=saramin-job-search-api'}",101130,1,"462,500,507,511,500,500,511,511,530,562,579,581","{'code': 0, 'min': 0, 'max': 0}",99,,,0,0,0,True
654520ca-e774-4760-88f7-0936ecf0f1ee,http://www.saramin.co.kr/zf_user/jobs/relay/view?rec_idx=49589955&utm_source=job-search-api&utm_medium=api&utm_campaign=saramin-job-search-api,[속초 마리나]아메리칸 차이니즈 웍스터 조리사(1년이상 경력자),1734174578,1734174578,1734170400,1736780399,1,"{'name': '속초마리나(주)', 'href': 'http://www.saramin.co.kr/zf_user/company-info/view?csn=1868600744&utm_source=job-search-api&utm_medium=api&utm_campaign=saramin-job-search-api'}",109050,1,"880,898,899,900,926,2214,898,982","{'code': 2, 'min': 1, 'max': 0}",99,,,6,0,0,True
2741f5f7-0a6b-45e2-a7c1-8b32c28a58ea,http://www.saramin.co.kr/zf_user/jobs/relay/view?rec_idx=49589954&utm_source=job-search-api&utm_medium=api&utm_campaign=saramin-job-search-api,서비스(홀서빙/조리사) 채용,1734174393,1734174617,1734174000,1739372399,1,"{'name': '투파인드피터 광명철산점', 'href': 'http://www.saramin.co.kr/zf_user/company-info/view?csn=3874001222&utm_source=job-search-api&utm_medium=api&utm_campaign=saramin-job-search-api'}",102070,"1,5","898,899,920,898,898,899,920,920","{'code': 0, 'min': 0, 'max': 0}",101,,,0,0,0,True
5495e2c6-61f3-426a-b5bd-88a7e8a8d7bf,http://www.saramin.co.kr/zf_user/jobs/relay/view?rec_idx=49589953&utm_source=job-search-api&utm_medium=api&utm_campaign=saramin-job-search-api,해외현지 법인근무(패션분야/ 중남미)/ 중견기업,1734173649,1734173719,1734170400,1735138799,1,"{'name': '(주)스카우트플랜', 'href': 'http://www.saramin.co.kr/zf_user/company-info/view?csn=2118888356&utm_source=job-search-api&utm_medium=api&utm_campaign=saramin-job-search-api'}",231600,1,"707,723,728,746,770","{'code': 2, 'min': 4, 'max': 10}",99,,,8,0,0,True
913e69ba-2be3-4e51-a2b4-b1b0537924c4,http://www.saramin.co.kr/zf_user/jobs/relay/view?rec_idx=49589952&utm_source=job-search-api&utm_medium=api&utm_campaign=saramin-job-search-api,[1월입사/높은연봉] BMW파이낸셜 수원지점 어드민(사무) 채용,1734173555,1734173555,1734192000,1734706799,1,"{'name': '에이스휴먼파워(주)', 'href': 'http://www.saramin.co.kr/zf_user/company-info/view?csn=2148724145&utm_source=job-search-api&utm_medium=api&utm_campaign=saramin-job-search-api'}","102220,102230,102240,102250,102260",6,"360,361,388,396,402,405,406,409,410,413,414,425,443,1691,1696,1698,1699,1702,1703,1707,1725,1726","{'code': 0, 'min': 0, 'max': 0}",16,,,8,0,0,True
fcdd3abe-3a33-4630-865c-41894bf4f164,http://www.saramin.co.kr/zf_user/jobs/relay/view?rec_idx=49589951&utm_source=job-search-api&utm_medium=api&utm_campaign=saramin-job-search-api,경북 영천 (25톤 상승윙바디) 직영기사님 구인,1734173473,1734173473,1734170400,1736780399,1,"{'name': '주식회사에프엠글로벌', 'href': 'http://www.saramin.co.kr/zf_user/company-info/view?csn=5618602211&utm_source=job-search-api&utm_medium=api&utm_campaign=saramin-job-search-api'}",108080,1,"639,651,653,676,1753,1757,1759,1776,2219,671,1775","{'code': 2, 'min': 1, 'max': 0}",99,,,0,0,0,True
ab94108e-1b9d-4be0-b8b4-6720eb306148,http://www.saramin.co.kr/zf_user/jobs/relay/view?rec_idx=49589950&utm_source=job-search-api&utm_medium=api&utm_campaign=saramin-job-search-api,(주)케이에스앤픽 사업기획 경력자 모집,1734173400,1734173400,1734170400,1736780399,1,"{'name': '(주)케이에스앤픽', 'href': 'http://www.saramin.co.kr/zf_user/company-info/view?csn=5338601236&utm_source=job-search-api&utm_medium=api&utm_campaign=saramin-job-search-api'}",101010,"1,10,2","322,338,339,340,349,446,448,449,1625,1633,1635,1638,1639,2197,2198,2205,2220,1633,1633,2205","{'code': 2, 'min': 3, 'max': 0}",99,,,8,0,0,True
42eac6e0-b6b5-4af6-b723-029367207cac,http://www.saramin.co.kr/zf_user/jobs/relay/view?rec_idx=49589949&utm_source=job-search-api&utm_medium=api&utm_campaign=saramin-job-search-api,부산신항 트레일러(컨테이너) 직영기사님 구인,1734173296,1734173296,1734170400,1736780399,1,"{'name': '주식회사에프엠글로벌', 'href': 'http://www.saramin.co.kr/zf_user/company-info/view?csn=5618602211&utm_source=job-search-api&utm_medium=api&utm_campaign=saramin-job-search-api'}",108080,1,"639,651,653,676,1753,1757,1759,1776,2219","{'code': 2, 'min': 1, 'max': 0}",99,,,0,0,0,True
35f38d95-0fed-4369-91ea-8bfcd4264e4a,http://www.saramin.co.kr/zf_user/jobs/relay/view?rec_idx=49589948&utm_source=job-search-api&utm_medium=api&utm_campaign=saramin-job-search-api,"(경력무관) 바리스타 정규직, 계약직 채용함.",1734172979,1734172979,1734134400,1739372399,1,"{'name': '그리가다', 'href': 'http://www.saramin.co.kr/zf_user/company-info/view?csn=6033861342&utm_source=job-search-api&utm_medium=api&utm_campaign=saramin-job-search-api'}",111120,"1,10,16,2,5","875,876,884,907,2228,875,875,985","{'code': 0, 'min': 0, 'max': 0}",104,,,0,0,0,True
11f4a946-a9b8-437f-ae83-bfab00e2959c,http://www.saramin.co.kr/zf_user/jobs/relay/view?rec_idx=49589946&utm_source=job-search-api&utm_medium=api&utm_campaign=saramin-job-search-api,(창원)  [알루미늄 주조 가공] 품질경영본부장,1734172418,1734172418,1734170400,1736780399,1,"{'name': '(주)맨파워코리아', 'href': 'http://www.saramin.co.kr/zf_user/company-info/view?csn=1208185831&utm_source=job-search-api&utm_medium=api&utm_campaign=saramin-job-search-api'}","110000,110150,117000",1,"1002,1003,2195,2195,1130,2218","{'code': 2, 'min': 20, 'max': 0}",99,,,8,0,0,True
f7a37ae4-9d51-4361-b70d-7bc2c92bddab,http://www.saramin.co.kr/zf_user/jobs/relay/view?rec_idx=49589945&utm_source=job-search-api&utm_medium=api&utm_campaign=saramin-job-search-api,샌드위치제조 경력무관 채용 - 아르바이트,1734172321,1734172321,1734170400,1739372399,1,"{'name': '손수베이커리', 'href': 'http://www.saramin.co.kr/zf_user/company-info/view?csn=2202900997&utm_source=job-search-api&utm_medium=api&utm_campaign=saramin-job-search-api'}",105030,5,"898,899,2214","{'code': 0, 'min': 0, 'max': 0}",104,,,0,0,0,True
564cafc8-3606-4590-935a-c3e621571e54,http://www.saramin.co.kr/zf_user/jobs/relay/view?rec_idx=49589944&utm_source=job-search-api&utm_medium=api&utm_campaign=saramin-job-search-api,[교육행정] 논술 학원 상담실 직원 모집,1734172133,1734172133,1734166800,1738335599,1,"{'name': '씨앤에이(C&A)논술아라학원', 'href': 'http://www.saramin.co.kr/zf_user/company-info/view?csn=6319701536&utm_source=job-search-api&utm_medium=api&utm_campaign=saramin-job-search-api'}",116040,1,"399,908,930,931,955,2202,399","{'code': 0, 'min': 0, 'max': 0}",101,,,7,0,0,True
606e2cf0-df62-4672-a6a6-756d1061981f,http://www.saramin.co.kr/zf_user/jobs/relay/view?rec_idx=49589943&utm_source=job-search-api&utm_medium=api&utm_campaign=saramin-job-search-api,"정형외과 접수/수납 선생님 모집 (주5일근무-주말, 공휴일 포함",1734172125,1734172125,1734170400,1736780399,1,"{'name': '한사랑정형외과의원', 'href': 'http://www.saramin.co.kr/zf_user/company-info/view?csn=1479100840&utm_source=job-search-api&utm_medium=api&utm_campaign=saramin-job-search-api'}",105030,1,"500,500","{'code': 2, 'min': 1, 'max': 0}",99,,,0,0,0,True
3ef70da0-56fb-41be-b94a-0d03414631a6,http://www.saramin.co.kr/zf_user/jobs/relay/view?rec_idx=49589942&utm_source=job-search-api&utm_medium=api&utm_campaign=saramin-job-search-api,생산직 파티쉐 경력무관 채용(정규직),1734172086,1734177725,1734170400,1739372399,1,"{'name': '손수베이커리', 'href': 'http://www.saramin.co.kr/zf_user/company-info/view?csn=2202900997&utm_source=job-search-api&utm_medium=api&utm_campaign=saramin-job-search-api'}",105030,1,"2228,2228,2228","{'code': 0, 'min': 0, 'max': 0}",99,,,0,0,0,True
4645859c-b179-4fc8-a128-9a9d5e5c4b95,http://www.saramin.co.kr/zf_user/jobs/relay/view?rec_idx=49589941&utm_source=job-search-api&utm_medium=api&utm_campaign=saramin-job-search-api,[서울/대기업]  팀사무보조,1734172049,1734172049,1734170400,1735311599,1,"{'name': '(주)모닝인', 'href': 'http://www.saramin.co.kr/zf_user/company-info/view?csn=2018186406&utm_source=job-search-api&utm_medium=api&utm_campaign=saramin-job-search-api'}",101130,2,"322,367,386,388,402,405,423,336,403,405","{'code': 0, 'min': 0, 'max': 0}",12,,,0,0,0,True
14a1e65c-8129-49fb-aa3c-e7e39866c1cf,http://www.saramin.co.kr/zf_user/jobs/relay/view?rec_idx=49589940&utm_source=job-search-api&utm_medium=api&utm_campaign=saramin-job-search-api,파견 사무직  경력무관 (수시채용),1734171998,1734171998,1734170400,1735657199,1,"{'name': '(주)모닝인', 'href': 'http://www.saramin.co.kr/zf_user/company-info/view?csn=2018186406&utm_source=job-search-api&utm_medium=api&utm_campaign=saramin-job-search-api'}",101240,6,"322,323,336,367,386,388,389,390,393,394,395,396,399,401,402,403,404,405,406,407,409,410,412,416,425,428,429,449,455,2198,336,388,388,405","{'code': 0, 'min': 0, 'max': 0}",99,,,6,0,0,True
60194d6f-bc80-4b08-9d2c-9e9ad48cfaab,http://www.saramin.co.kr/zf_user/jobs/relay/view?rec_idx=49589939&utm_source=job-search-api&utm_medium=api&utm_campaign=saramin-job-search-api,[판교/대기업]  사무직(전표처리),1734171928,1734171928,1734170400,1735311599,1,"{'name': '(주)모닝인', 'href': 'http://www.saramin.co.kr/zf_user/company-info/view?csn=2018186406&utm_source=job-search-api&utm_medium=api&utm_campaign=saramin-job-search-api'}",102200,2,"322,367,388,402,405,423,405","{'code': 0, 'min': 0, 'max': 0}",13,,,7,0,0,True
d5e373aa-47c4-479f-96ff-bf4a62fac34a,http://www.saramin.co.kr/zf_user/jobs/relay/view?rec_idx=49589938&utm_source=job-search-api&utm_medium=api&utm_campaign=saramin-job-search-api,[서울/대기업] 총무 또는 경영지원 사무직,1734171875,1734171875,1734170400,1735311599,1,"{'name': '(주)모닝인', 'href': 'http://www.saramin.co.kr/zf_user/company-info/view?csn=2018186406&utm_source=job-search-api&utm_medium=api&utm_campaign=saramin-job-search-api'}",101010,2,"389,388,396,396,405,429,429","{'code': 0, 'min': 0, 'max': 0}",12,,,7,0,0,True
195c36bc-6bf6-4c37-b86e-4b435ac8d34c,http://www.saramin.co.kr/zf_user/jobs/relay/view?rec_idx=49589937&utm_source=job-search-api&utm_medium=api&utm_campaign=saramin-job-search-api,제품영업 (산업안전용품 분야),1734171624,1734171677,1734170400,1735138799,1,"{'name': '(주)스카우트플랜', 'href': 'http://www.saramin.co.kr/zf_user/company-info/view?csn=2118888356&utm_source=job-search-api&utm_medium=api&utm_campaign=saramin-job-search-api'}",102170,1,"701,711,723,725,733","{'code': 2, 'min': 1, 'max': 0}",99,,,0,0,0,True
6bb0471f-4868-4dc4-9e48-49eae949893d,http://www.saramin.co.kr/zf_user/jobs/relay/view?rec_idx=49589936&utm_source=job-search-api&utm_medium=api&utm_campaign=saramin-job-search-api,파주시티병원 사회사업팀 직원 채용 공고,1734171479,1734171479,1734170400,1736780399,1,"{'name': '(의)수현의료재단', 'href': 'http://www.saramin.co.kr/zf_user/company-info/view?csn=7208200075&utm_source=job-search-api&utm_medium=api&utm_campaign=saramin-job-search-api'}",102470,1,"1936,1936","{'code': 0, 'min': 0, 'max': 0}",99,,,7,0,0,True
32651292-19aa-4f94-840d-4924e2ab335e,http://www.saramin.co.kr/zf_user/jobs/relay/view?rec_idx=49589935&utm_source=job-search-api&utm_medium=api&utm_campaign=saramin-job-search-api,C/C++(수치해석 프로그램 개발 경력),1734171195,1734171253,1734170400,1734965999,1,"{'name': '(주)스카우트플랜', 'href': 'http://www.saramin.co.kr/zf_user/company-info/view?csn=2118888356&utm_source=job-search-api&utm_medium=api&utm_campaign=saramin-job-search-api'}",101040,1,"205,206,205","{'code': 0, 'min': 0, 'max': 0}",99,,,8,0,0,True
209cd297-52cb-40d4-ae6b-f1a56e9fa226,http://www.saramin.co.kr/zf_user/jobs/relay/view?rec_idx=49589934&utm_source=job-search-api&utm_medium=api&utm_campaign=saramin-job-search-api,끌림엔터테인먼트 숏폼 컨텐츠 담당자 신입/경력 채용,1734171011,1734171011,1734170400,1736780399,1,"{'name': '(주)끌림엔터테인먼트', 'href': 'http://www.saramin.co.kr/zf_user/company-info/view?csn=8318702437&utm_source=job-search-api&utm_medium=api&utm_campaign=saramin-job-search-api'}","106000,106120",1,"1372,1373,1419,1500,1515,1407,1614","{'code': 0, 'min': 0, 'max': 0}",99,,,6,0,0,True
73bce7d1-20ce-4482-8ac0-00dabe47ee4b,http://www.saramin.co.kr/zf_user/jobs/relay/view?rec_idx=49589933&utm_source=job-search-api&utm_medium=api&utm_campaign=saramin-job-search-api,"기술영업 (옥외용 LED조명, 자동차, 해양조명 등)",1734170989,1734171023,1734170400,1735138799,1,"{'name': '(주)스카우트플랜', 'href': 'http://www.saramin.co.kr/zf_user/company-info/view?csn=2118888356&utm_source=job-search-api&utm_medium=api&utm_campaign=saramin-job-search-api'}",101040,1,"796,1117,2218,2218,692","{'code': 0, 'min': 0, 'max': 0}",99,,,0,0,0,True
a06ef993-f855-44d6-ac2e-8cfd50014726,http://www.saramin.co.kr/zf_user/jobs/relay/view?rec_idx=49589932&utm_source=job-search-api&utm_medium=api&utm_campaign=saramin-job-search-api,교육 프리랜서 모집중입니다 (급여는 협의도 가능합니다),1734170869,1734170869,1734170400,1734706799,1,"{'name': '이네이블영어학원', 'href': 'http://www.saramin.co.kr/zf_user/company-info/view?csn=6209116338&utm_source=job-search-api&utm_medium=api&utm_campaign=saramin-job-search-api'}",107050,9,1907,"{'code': 2, 'min': 1, 'max': 0}",101,,,8,0,0,True
67548376-784b-41e4-9d39-1052bc367a2b,http://www.saramin.co.kr/zf_user/jobs/relay/view?rec_idx=49589931&utm_source=job-search-api&utm_medium=api&utm_campaign=saramin-job-search-api,원어민강사 계약직 채용(경력사원),1734170866,1734170959,1734170400,1736780399,1,"{'name': '캘리잉글리시어학원', 'href': 'http://www.saramin.co.kr/zf_user/company-info/view?csn=8779401408&utm_source=job-search-api&utm_medium=api&utm_campaign=saramin-job-search-api'}",114140,"10,16,2","1811,1876","{'code': 2, 'min': 1, 'max': 0}",101,,,0,0,0,True
728afe7f-158d-4f5c-96f5-2b11b7ea98d7,http://www.saramin.co.kr/zf_user/jobs/relay/view?rec_idx=49589929&utm_source=job-search-api&utm_medium=api&utm_campaign=saramin-job-search-api,"아베크청담 홀,바 정직원 모집합니다.",1734170829,1734170829,1734170400,1739372399,1,"{'name': '(주)아베끄', 'href': 'http://www.saramin.co.kr/zf_user/company-info/view?csn=4728101784&utm_source=job-search-api&utm_medium=api&utm_campaign=saramin-job-search-api'}",101010,"1,2","974,985,875,876","{'code': 0, 'min': 0, 'max': 0}",101,,,6,0,0,True
8e202eeb-6ec8-4b62-a449-354d891e1424,http://www.saramin.co.kr/zf_user/jobs/relay/view?rec_idx=49589930&utm_source=job-search-api&utm_medium=api&utm_campaign=saramin-job-search-api,[서울/압구정] 마이쇼퍼 퍼스널컬러 메이크업 아티스트,1734170829,1734170959,1734220800,2019567600,3,"{'name': '(주)마이쇼퍼', 'href': 'http://www.saramin.co.kr/zf_user/company-info/view?csn=7568602463&utm_source=job-search-api&utm_medium=api&utm_campaign=saramin-job-search-api'}",101010,1,"940,940,940","{'code': 2, 'min': 2, 'max': 0}",99,,,0,0,0,True
51cb2d1b-52ab-440d-8846-b8b1e8bd607b,http://www.saramin.co.kr/zf_user/jobs/relay/view?rec_idx=49589928&utm_source=job-search-api&utm_medium=api&utm_campaign=saramin-job-search-api,드레스 상담外 정규직 채용 - 원장급,1734170676,1734170676,1734170400,1736780399,1,"{'name': '김미숙웨딩', 'href': 'http://www.saramin.co.kr/zf_user/company-info/view?csn=1280237605&utm_source=job-search-api&utm_medium=api&utm_campaign=saramin-job-search-api'}",101010,1,"767,969,1972","{'code': 0, 'min': 0, 'max': 0}",99,,,0,0,0,True
7adda84f-8030-45d9-bede-6a24125ecfd8,http://www.saramin.co.kr/zf_user/jobs/relay/view?rec_idx=49589927&utm_source=job-search-api&utm_medium=api&utm_campaign=saramin-job-search-api,"명품 의류 매장 경력(백화점,플래그쉽 등)/ 대기업",1734170588,1734170674,1734170400,1736434799,1,"{'name': '(주)스카우트플랜', 'href': 'http://www.saramin.co.kr/zf_user/company-info/view?csn=2118888356&utm_source=job-search-api&utm_medium=api&utm_campaign=saramin-job-search-api'}",101010,1,"761,767,769,788,1534,1559","{'code': 2, 'min': 9, 'max': 0}",99,,,0,0,0,True
17078307-f81b-4c90-a37f-7b851844be9a,http://www.saramin.co.kr/zf_user/jobs/relay/view?rec_idx=49589926&utm_source=job-search-api&utm_medium=api&utm_campaign=saramin-job-search-api,SOFC 부품품질 관리(Chemical) - 대기업 계열사,1734170292,1734170292,1734166800,1736780399,1,"{'name': '(주)피플케어코리아', 'href': 'http://www.saramin.co.kr/zf_user/company-info/view?csn=4288600269&utm_source=job-search-api&utm_medium=api&utm_campaign=saramin-job-search-api'}",113090,1,"2195,2195","{'code': 2, 'min': 5, 'max': 0}",99,,,8,0,0,True
00caa274-9c21-4fbf-9d06-ecd1569444c7,http://www.saramin.co.kr/zf_user/jobs/relay/view?rec_idx=49589925&utm_source=job-search-api&utm_medium=api&utm_campaign=saramin-job-search-api,SOFC 제품기술/공정개선 (대리-부장급) - 대기업 계열사,1734170188,1734170188,1734166800,1736780399,1,"{'name': '(주)피플케어코리아', 'href': 'http://www.saramin.co.kr/zf_user/company-info/view?csn=4288600269&utm_source=job-search-api&utm_medium=api&utm_campaign=saramin-job-search-api'}",102240,1,"1004,1046,1153","{'code': 2, 'min': 5, 'max': 0}",99,,,8,0,0,True
be9ec678-e6da-432c-b5a8-e40536cd1060,http://www.saramin.co.kr/zf_user/jobs/relay/view?rec_idx=49589924&utm_source=job-search-api&utm_medium=api&utm_campaign=saramin-job-search-api,설비보전(기계/ 대리-부장급) - 대기업 계열사,1734170046,1734170046,1734166800,1736780399,1,"{'name': '(주)피플케어코리아', 'href': 'http://www.saramin.co.kr/zf_user/company-info/view?csn=4288600269&utm_source=job-search-api&utm_medium=api&utm_campaign=saramin-job-search-api'}",113090,1,"2115,2190,2192","{'code': 2, 'min': 5, 'max': 0}",99,,,8,0,0,True
05d74bb1-af48-4f6a-9f45-4f112e25455f,http://www.saramin.co.kr/zf_user/jobs/relay/view?rec_idx=49589923&utm_source=job-search-api&utm_medium=api&utm_campaign=saramin-job-search-api,대구 월성동 국어전문학원에서 중등 전담 국어강사님 모십니다.,1734169959,1734169959,1734166800,1736780399,1,"{'name': '주식회사봉국어학원', 'href': 'http://www.saramin.co.kr/zf_user/company-info/view?csn=1858703503&utm_source=job-search-api&utm_medium=api&utm_campaign=saramin-job-search-api'}",104020,"1,2,9","1846,1880,2240,2240","{'code': 3, 'min': 1, 'max': 10}",13,,,8,0,0,True
da743717-bfab-4ac1-8fed-7867a95f8f5e,http://www.saramin.co.kr/zf_user/jobs/relay/view?rec_idx=49589922&utm_source=job-search-api&utm_medium=api&utm_campaign=saramin-job-search-api,소방점검(종합점검/작동점검) 보조인력 채용,1734169762,1734169762,1734166800,1736780399,1,"{'name': '목송이앤지(주)', 'href': 'http://www.saramin.co.kr/zf_user/company-info/view?csn=1318600948&utm_source=job-search-api&utm_medium=api&utm_campaign=saramin-job-search-api'}",103050,1,2116,"{'code': 0, 'min': 0, 'max': 0}",99,,,0,0,0,True
945ab121-cd52-4f15-bb39-9bff59536a06,http://www.saramin.co.kr/zf_user/jobs/relay/view?rec_idx=49589920&utm_source=job-search-api&utm_medium=api&utm_campaign=saramin-job-search-api,[ 메디캐치의원/검진센터 ] 초음파사(소노그래퍼) 모십니다.,1734169457,1734169457,1734166800,1736780399,1,"{'name': '메디캐치의원', 'href': 'http://www.saramin.co.kr/zf_user/company-info/view?csn=8441002222&utm_source=job-search-api&utm_medium=api&utm_campaign=saramin-job-search-api'}","115000,118000",1,"491,533,555,571,598,598,598","{'code': 2, 'min': 1, 'max': 0}",99,,,0,0,0,True
718c5baa-53cc-4abf-838e-082080a505c3,http://www.saramin.co.kr/zf_user/jobs/relay/view?rec_idx=49589919&utm_source=job-search-api&utm_medium=api&utm_campaign=saramin-job-search-api,전주W한방병원 입원실 확장으로 추가채용 야간전담간호사,1734169350,1734169350,1734166800,1736780399,1,"{'name': '전주W한방병원', 'href': 'http://www.saramin.co.kr/zf_user/company-info/view?csn=2025200885&utm_source=job-search-api&utm_medium=api&utm_campaign=saramin-job-search-api'}",113140,1,462,"{'code': 0, 'min': 0, 'max': 0}",99,,,0,0,0,True
512e48d1-1bdf-432c-b816-6c1e1cca1447,http://www.saramin.co.kr/zf_user/jobs/relay/view?rec_idx=49589918&utm_source=job-search-api&utm_medium=api&utm_campaign=saramin-job-search-api,"전자,통신",1734169263,1734169263,1734166800,1988118000,2,"{'name': '(주)소암컨설턴트', 'href': 'http://www.saramin.co.kr/zf_user/company-info/view?csn=3148153064&utm_source=job-search-api&utm_medium=api&utm_campaign=saramin-job-search-api'}",105040,1,"991,1047","{'code': 0, 'min': 0, 'max': 0}",99,,,0,0,0,True
5870c3d1-8849-4260-8c7e-a4e088d91dea,http://www.saramin.co.kr/zf_user/jobs/relay/view?rec_idx=49589917&utm_source=job-search-api&utm_medium=api&utm_campaign=saramin-job-search-api,국어 강사 - 경력무관 채용,1734169225,1734169225,1734102000,1736780399,1,"{'name': '이루다국어학원', 'href': 'http://www.saramin.co.kr/zf_user/company-info/view?csn=6319101096&utm_source=job-search-api&utm_medium=api&utm_campaign=saramin-job-search-api'}",101150,15,"1817,1820,1821,1838,1871,2240","{'code': 0, 'min': 0, 'max': 0}",99,,,8,0,0,True
69bac144-49a3-4ecc-87bd-1d9b37d14107,http://www.saramin.co.kr/zf_user/jobs/relay/view?rec_idx=49589916&utm_source=job-search-api&utm_medium=api&utm_campaign=saramin-job-search-api,"웹디자인(포토샵, 일러스트 능숙자)",1734169192,1734169346,1734166800,1736434799,1,"{'name': '(주)스카우트플랜', 'href': 'http://www.saramin.co.kr/zf_user/company-info/view?csn=2118888356&utm_source=job-search-api&utm_medium=api&utm_campaign=saramin-job-search-api'}",101160,1,"1502,1600,1614,1502,1600,1600","{'code': 2, 'min': 13, 'max': 0}",99,,,8,0,0,True
38a854af-72cb-44ff-89d7-8e5e6eb5795a,http://www.saramin.co.kr/zf_user/jobs/relay/view?rec_idx=49589915&utm_source=job-search-api&utm_medium=api&utm_campaign=saramin-job-search-api,식품공장 단순업무 사원모집,1734169191,1734169191,1734166800,1736780399,1,"{'name': '본비반트', 'href': 'http://www.saramin.co.kr/zf_user/company-info/view?csn=2118872548&utm_source=job-search-api&utm_medium=api&utm_campaign=saramin-job-search-api'}",102080,"1,10,16,2","990,991,1037,1784,1791,1792,2196,2199","{'code': 0, 'min': 0, 'max': 0}",99,,,6,0,0,True
f1116c3e-e093-4ba3-a711-c3c430fff045,http://www.saramin.co.kr/zf_user/jobs/relay/view?rec_idx=49589914&utm_source=job-search-api&utm_medium=api&utm_campaign=saramin-job-search-api,관세/세무회계사무실 교육생 모집(교육후 정규채용 가능),1734168981,1734168981,1734166800,1736780399,1,"{'name': '도경세무회계사무소', 'href': 'http://www.saramin.co.kr/zf_user/company-info/view?csn=1141640490&utm_source=job-search-api&utm_medium=api&utm_campaign=saramin-job-search-api'}",101010,12,"327,329,345,378,379,349","{'code': 1, 'min': 0, 'max': 0}",99,,,6,0,0,True
992e6337-0090-4204-9d23-25db8f01f37b,http://www.saramin.co.kr/zf_user/jobs/relay/view?rec_idx=49589913&utm_source=job-search-api&utm_medium=api&utm_campaign=saramin-job-search-api,[자동차정비] 자동차 정비사 채용 공고,1734168980,1734169884,1734163200,1739372399,1,"{'name': '정일카센타', 'href': 'http://www.saramin.co.kr/zf_user/company-info/view?csn=6733700065&utm_source=job-search-api&utm_medium=api&utm_campaign=saramin-job-search-api'}",102510,1,"2209,2209","{'code': 0, 'min': 0, 'max': 0}",99,,,0,0,0,True
